time/total_timesteps,time/fps,time/iterations,rollout/ep_len_mean,rollout/ep_rew_mean,time/time_elapsed,train/clip_range,train/policy_gradient_loss,train/value_loss,train/loss,train/clip_fraction,train/std,train/n_updates,train/explained_variance,train/learning_rate,train/approx_kl,train/entropy_loss,eval/mean_ep_length,eval/mean_reward
2048,20,1,1.0,4.10286291,98,,,,,,,,,,,,,
4096,19,2,1.0,4.082830870000001,205,0.2,-0.028830063581699504,1.315447622264037,-0.03183664754033089,0.225732421875,0.9955351948738098,10,-0.028434395790100098,0.0003,0.023665322,-35.401015758514404,,
6144,20,3,1.0,4.1237477600000005,305,0.2,-0.04868735092168208,0.01965170310868416,-0.06319552659988403,0.328173828125,0.9881263375282288,20,0.4618157148361206,0.0003,0.03188706,-35.24396805763244,,
8192,20,4,1.0,4.102713690000001,405,0.2,-0.05499219850171357,0.01608438116090838,-0.08377101272344589,0.387890625,0.9828782677650452,30,0.7636522650718689,0.0003,0.03974261,-35.079888713359836,,
10000,,,,,,0.2,-0.0572276708757272,0.015384085752884857,-0.07430033385753632,0.4255859375,0.9774995446205139,40,0.7637717127799988,0.0003,0.045839798,-34.96010112762451,2.8,11.536424
10240,20,5,1.0,4.119058549999999,505,,,,,,,,,,,,,
12288,20,6,1.0,4.12342676,607,0.2,-0.05959295593056595,0.015040011532255449,-0.0912870243191719,0.4833984375,0.9704432487487793,50,0.7704865336418152,0.0003,0.059638068,-34.78649151325226,,
14336,20,7,1.0,4.13094766,708,0.2,-0.061109472281532365,0.014061664146720432,-0.08800116181373596,0.475048828125,0.96528160572052,60,0.7865318655967712,0.0003,0.05894103,-34.63312013149262,,
16384,20,8,1.0,4.1194461,808,0.2,-0.06039614166948013,0.014165475590561982,-0.06806338578462601,0.487158203125,0.9598713517189026,70,0.7910714149475098,0.0003,0.06869366,-34.497171914577486,,
18432,20,9,1.0,4.1274345,908,0.2,-0.05970192109234631,0.015077037127048243,-0.09785058349370956,0.53759765625,0.9552258253097534,80,0.7963644862174988,0.0003,0.080730215,-34.35941821336746,,
20000,,,,,,0.2,-0.05489675606950186,0.01429383309732657,-0.03191202133893967,0.529736328125,0.9500452280044556,90,0.792512834072113,0.0003,0.08675946,-34.224146938323976,1.0,4.1452574
20480,20,10,1.0,4.145861019999999,1009,,,,,,,,,,,,,
22528,20,11,1.0,4.146313320000001,1115,0.2,-0.05384495277248789,0.014126735522586387,-0.0881514921784401,0.5771484375,0.9473365545272827,100,0.7852308750152588,0.0003,0.11499117,-34.126858377456664,,
24576,20,12,1.0,4.16194548,1216,0.2,-0.06042618182837032,0.015843285431037656,-0.09324736148118973,0.59912109375,0.9428792595863342,110,0.7689877152442932,0.0003,0.12719132,-34.02317265272141,,
26624,20,13,1.0,4.13865892,1316,0.2,-0.050581375838373785,0.014965498168021441,-0.06178782135248184,0.623828125,0.938686192035675,120,0.7875768542289734,0.0003,0.16109142,-33.918252122402194,,
28672,20,14,1.0,4.20360951,1422,0.2,-0.05223528772767168,0.014558884817233775,-0.0640183612704277,0.615576171875,0.9343776702880859,130,0.8039112687110901,0.0003,0.16295014,-33.7920468211174,,
30000,,,,,,0.2,-0.04473674225446302,0.015848312474554406,-0.08439235389232635,0.660009765625,0.9315338730812073,140,0.796567976474762,0.0003,0.19734195,-33.69834713935852,1.0,4.2989894
30720,20,15,1.0,4.1809938099999995,1523,,,,,,,,,,,,,
32768,20,16,1.0,4.2495579999999995,1628,0.2,-0.04198822424514219,0.016408165587927216,-0.08367632329463959,0.689990234375,0.9296385645866394,150,0.7832765579223633,0.0003,0.2664929,-33.628329360485075,,
34816,20,17,1.0,4.20752138,1728,0.2,-0.029267441655974835,0.018123756162822247,-0.08704818040132523,0.693359375,0.9275257587432861,160,0.7618366479873657,0.0003,0.2640851,-33.5732439160347,,
36864,20,18,1.0,4.3126396399999996,1828,0.2,0.0029239883151603863,0.018169823338394054,0.04165416210889816,0.73994140625,0.9230548143386841,170,0.7264790534973145,0.0003,0.3260454,-33.49060014486313,,
38912,20,19,1.0,4.296434819999999,1927,0.2,-0.003890487283933908,0.019019955964176917,-0.07529832422733307,0.738232421875,0.9199147820472717,180,0.732553243637085,0.0003,0.412946,-33.37996168136597,,
40000,,,,,,0.2,-0.02022572277637664,0.01922913345042616,-0.08515363186597824,0.73203125,0.9148032069206238,190,0.7418126463890076,0.0003,0.34501466,-33.26343758106232,1.0,4.5162911999999995
40960,20,20,1.0,4.212471529999999,2034,,,,,,,,,,,,,
43008,20,21,1.0,4.293324900000001,2135,0.2,-0.006565529096405953,0.02026069632556755,-0.05251209810376167,0.731884765625,0.9108827114105225,200,0.7445045709609985,0.0003,0.34080464,-33.146488177776334,,
45056,20,22,1.0,4.325971770000001,2241,0.2,0.04084992340649478,0.01954190540127456,0.055191606283187866,0.779248046875,0.9079762101173401,210,0.7370169758796692,0.0003,0.558432,-33.03618528842926,,
47104,20,23,1.0,4.3509113,2342,0.2,0.048653977375943215,0.02187392614723649,0.029144739732146263,0.790283203125,0.9052498936653137,220,0.7312089204788208,0.0003,0.5897859,-32.96437834501266,,
49152,20,24,1.0,4.30214732,2442,0.2,0.025389282117248512,0.026235487617668696,-0.03669989854097366,0.7982421875,0.9021492004394531,230,0.665475606918335,0.0003,0.66186225,-32.8709880232811,,
50000,,,,,,0.2,0.05577103007817641,0.023446160129969938,0.09503598511219025,0.8255859375,0.9011740684509277,240,0.6679160594940186,0.0003,0.9180639,-32.816574370861055,1.0,4.2480426
51200,20,25,1.0,4.35373337,2549,,,,,,,,,,,,,
53248,20,26,1.0,4.3359557,2650,0.2,0.07688787128718104,0.027511487746960484,0.08588546514511108,0.84091796875,0.8981470465660095,250,0.7017799615859985,0.0003,0.7244433,-32.76519597768784,,
55296,20,27,1.0,4.3395721,2752,0.2,0.09418831424263771,0.022575012868037446,0.03393860161304474,0.833447265625,0.8943274617195129,260,0.6979573965072632,0.0003,0.92797816,-32.65102163553238,,
57344,20,28,1.0,4.339477860000001,2853,0.2,0.14277831562212667,0.02597372265008744,0.025636259466409683,0.85205078125,0.8933203220367432,270,0.6658735275268555,0.0003,1.2793632,-32.586746501922605,,
59392,20,29,1.0,4.37543074,2954,0.2,0.07533708265109454,0.025638814488775096,-0.009051507338881493,0.8271484375,0.8891550898551941,280,0.6592724323272705,0.0003,0.9961929,-32.51359963417053,,
60000,,,,,,0.2,0.09186560541274957,0.024997875848202965,0.051005374640226364,0.826806640625,0.886886477470398,290,0.7019895315170288,0.0003,0.86845315,-32.41473530530929,1.0,4.4890428
61440,20,30,1.0,4.3708043000000005,3061,,,,,,,,,,,,,
63488,20,31,1.0,4.39492288,3162,0.2,0.051666810421738776,0.025485270793433303,0.06373973935842514,0.833251953125,0.8842759728431702,300,0.6272106170654297,0.0003,0.95430917,-32.34416551589966,,
65536,20,32,1.0,4.34078531,3262,0.2,0.058171613042941314,0.026943405336351135,0.012136019766330719,0.838916015625,0.8804033398628235,310,0.6285849809646606,0.0003,0.95017934,-32.24893060922623,,
67584,20,33,1.0,4.37955149,3363,0.2,0.18867488912073896,0.03123733031679876,-0.003602144308388233,0.8798828125,0.8789036870002747,320,0.6586511135101318,0.0003,1.3165002,-32.1876865029335,,
69632,20,34,1.0,4.39051098,3469,0.2,0.15312910294451285,0.02798448908724822,0.10689809173345566,0.8716796875,0.879984438419342,330,0.6392256021499634,0.0003,1.3013442,-32.167979538440704,,
70000,,,,,,0.2,0.10603023478470278,0.028823942021699623,-0.025456488132476807,0.83544921875,0.8768563866615295,340,0.6006839275360107,0.0003,1.3641648,-32.12764531373978,1.0,4.2195796
71680,20,35,1.0,4.40158992,3571,,,,,,,,,,,,,
73728,20,36,1.0,4.35165151,3671,0.2,0.3066590226138942,0.030644858366576953,0.1662864238023758,0.882275390625,0.8752627968788147,350,0.6276617050170898,0.0003,1.9011221,-32.05433057546615,,
75776,20,37,1.0,4.386197510000001,3777,0.2,0.2804388516698964,0.03582102262298577,0.13264930248260498,0.901025390625,0.874264121055603,360,0.5540185570716858,0.0003,2.5615935,-32.033677625656125,,
77824,20,38,1.0,4.35126798,3877,0.2,0.1768784685060382,0.03241066128248349,0.21198102831840515,0.881884765625,0.8723543882369995,370,0.4821521043777466,0.0003,2.093998,-31.980764257907868,,
79872,20,39,1.0,4.3615036400000005,3978,0.2,0.1022606839571381,0.028539671262842604,0.02380966953933239,0.858056640625,0.8704595565795898,380,0.6643712520599365,0.0003,1.4914713,-31.924805891513824,,
80000,,,,,,0.2,0.15267387115745806,0.030053331461385824,0.16062262654304504,0.871044921875,0.8668292760848999,390,0.6498886942863464,0.0003,1.3446143,-31.827901047468185,1.0,4.3420814
81920,20,40,1.0,4.40913491,4080,,,,,,,,,,,,,
83968,20,41,1.0,4.452295780000001,4188,0.2,0.09698699876025785,0.027270043568569234,0.08734004944562912,0.837060546875,0.8654113411903381,400,0.6438331604003906,0.0003,1.1560931,-31.755821764469147,,
86016,20,42,1.0,4.39702656,4295,0.2,0.14169655924779362,0.02734920346410945,0.14876672625541687,0.8693359375,0.8617346882820129,410,0.6399545669555664,0.0003,1.5600861,-31.69125924706459,,
88064,20,43,1.0,4.36210774,4396,0.2,0.17702621385105885,0.027097556600347163,0.14084535837173462,0.85888671875,0.8584485650062561,420,0.6110216379165649,0.0003,1.6851763,-31.589269715547562,,
90000,,,,,,0.2,0.1647894514579093,0.028892769006779416,0.13401688635349274,0.880908203125,0.8574958443641663,430,0.6283837556838989,0.0003,1.6126007,-31.51458335518837,1.0,4.6265912
90112,20,44,1.0,4.43481044,4498,,,,,,,,,,,,,
92160,20,45,1.0,4.44659028,4599,0.2,0.16029799086390994,0.03153952181455679,0.26303768157958984,0.871240234375,0.856377363204956,440,0.5735868215560913,0.0003,1.7877657,-31.47041729092598,,
94208,20,46,1.0,4.38256265,4700,0.2,0.24189352405373937,0.035709916683845225,0.06484948098659515,0.92548828125,0.8577763438224792,450,0.576021134853363,0.0003,2.5541916,-31.48182739019394,,
96256,20,47,1.0,4.39084311,4809,0.2,0.17975251496536657,0.03146861596032977,0.23859500885009766,0.886376953125,0.8596339225769043,460,0.5510715246200562,0.0003,2.2676535,-31.53015133142471,,
98304,20,48,1.0,4.41343251,4908,0.2,0.1653064621030353,0.03499103174544871,0.06054719164967537,0.879443359375,0.8577882051467896,470,0.5954216718673706,0.0003,1.7491353,-31.52923713326454,,
100000,,,,,,0.2,0.16096730459830724,0.031295113265514374,0.17704185843467712,0.88759765625,0.8568544387817383,480,0.5545321702957153,0.0003,1.6955364,-31.49447780251503,1.0,4.578087399999999
100352,20,49,1.0,4.43054776,5010,,,,,,,,,,,,,
102400,20,50,1.0,4.4063396699999995,5116,0.2,0.16134601932135412,0.029007434041704982,0.04695681482553482,0.888037109375,0.8589082360267639,490,0.6107149720191956,0.0003,1.7591436,-31.506191325187682,,
104448,20,51,1.0,4.4079219,5217,0.2,0.12947450267674868,0.03031654846854508,0.12241020798683167,0.86865234375,0.8580653071403503,500,0.5918312072753906,0.0003,1.4812589,-31.520167529582977,,
106496,20,52,1.0,4.41938587,5316,0.2,0.21595278898021206,0.03232745943532791,0.11817789077758789,0.906689453125,0.8563836216926575,510,0.5965827703475952,0.0003,2.978836,-31.470302838087083,,
108544,20,53,1.0,4.3992096400000005,5416,0.2,0.20782669063773937,0.0346175639599096,0.11178383231163025,0.893896484375,0.8565531969070435,520,0.5955973863601685,0.0003,2.0524461,-31.442152762413023,,
110000,,,,,,0.2,0.18460525405243972,0.03531826083199121,0.34823405742645264,0.906005859375,0.8555478453636169,530,0.5026780366897583,0.0003,2.5007682,-31.429806584119795,1.0,4.600656
110592,20,54,1.0,4.418979660000001,5516,,,,,,,,,,,,,
