time/total_timesteps,rollout/ep_rew_mean,rollout/ep_len_mean,time/fps,time/time_elapsed,time/iterations,train/learning_rate,train/approx_kl,train/clip_fraction,train/value_loss,train/n_updates,train/loss,train/explained_variance,train/policy_gradient_loss,train/clip_range,train/std,train/entropy_loss,eval/mean_reward,eval/mean_ep_length
2048,4.00798065,1.0,17,118,1,,,,,,,,,,,,,
4096,3.9727632899999996,1.0,17,238,2,0.0003,0.034008905,0.304931640625,1.1366792607179377,10,-0.09013408422470093,-0.25608575344085693,-0.05879721819219412,0.2,0.9952414035797119,-35.38956719636917,,
6144,3.986982130000001,1.0,17,359,3,0.0003,0.069778636,0.468408203125,0.030290207255166023,20,-0.10717329382896423,0.15365153551101685,-0.08065807774109998,0.2,0.9840940237045288,-35.16162512302399,,
8192,4.007489909999999,1.0,17,479,4,0.0003,0.09510775,0.53681640625,0.027092269173590467,30,-0.1009771078824997,0.307023823261261,-0.08713725606794469,0.2,0.9731053709983826,-34.883890342712405,,
10000,,,,,,0.0003,0.12772536,0.590478515625,0.025784282651147804,40,-0.12082480639219284,0.3615473508834839,-0.0835051282600034,0.2,0.9618922472000122,-34.59934667348862,11.836001800000002,2.8
10240,4.03111482,1.0,17,600,5,,,,,,,,,,,,,
12288,4.038846990000001,1.0,17,719,6,0.0003,0.16795123,0.657666015625,0.025122707974514925,50,-0.07457663863897324,0.36235636472702026,-0.08374150517338422,0.2,0.9532287120819092,-34.3564214348793,,
14336,4.06601243,1.0,17,839,7,0.0003,0.19592182,0.67060546875,0.026546132235671392,60,-0.11014880985021591,0.398306667804718,-0.08404511387925595,0.2,0.9434645175933838,-34.09902616739273,,
16384,4.103181360000001,1.0,17,959,8,0.0003,0.23166609,0.69208984375,0.02701911627955269,70,-0.1254437416791916,0.35964637994766235,-0.07072617739759153,0.2,0.9332683086395264,-33.833389854431154,,
18432,4.18958398,1.0,17,1079,9,0.0003,0.28812188,0.706640625,0.026309868530370296,80,-0.1111544519662857,0.3581501245498657,-0.07651598199736327,0.2,0.9204866886138916,-33.50830993652344,,
20000,,,,,,0.0003,0.3150622,0.726123046875,0.026254740919102914,90,-0.09589101374149323,0.3461220860481262,-0.05259247938229237,0.2,0.9108431935310364,-33.19198656082153,4.3247456,1.0
20480,4.17396292,1.0,17,1200,10,,,,,,,,,,,,,
22528,4.20272069,1.0,17,1320,11,0.0003,0.39141527,0.749755859375,0.028325948829296975,100,-0.05980124697089195,0.3444606065750122,-0.03709362613444682,0.2,0.8991754055023193,-32.893799769878385,,
24576,4.178295909999999,1.0,17,1440,12,0.0003,0.41008693,0.759912109375,0.02618911832687445,110,-0.06513828039169312,0.34180164337158203,-0.044385590133606455,0.2,0.8877347707748413,-32.561568069458005,,
26624,4.26056533,1.0,17,1560,13,0.0003,0.4233414,0.771875,0.028449951569200493,120,-0.09839632362127304,0.32049107551574707,-0.03577214178221766,0.2,0.8779468536376953,-32.252132785320285,,
28672,4.259543870000001,1.0,17,1681,14,0.0003,0.5016513,0.78056640625,0.026907677500275895,130,-0.07193182408809662,0.33560067415237427,-0.028966188766935373,0.2,0.8678894639015198,-31.948520684242247,,
30000,,,,,,0.0003,0.5323249,0.778955078125,0.02611470809788443,140,-0.06748457998037338,0.31224972009658813,-0.009726828623388428,0.2,0.8591681122779846,-31.670008450746536,4.4853027999999995,1.0
30720,4.27578283,1.0,17,1801,15,,,,,,,,,,,,,
32768,4.2661327,1.0,17,1922,16,0.0003,0.62946784,0.810791015625,0.029172885901061818,150,-0.06506723165512085,0.2640334367752075,-0.006456946664548014,0.2,0.8491514325141907,-31.37180075645447,,
34816,4.33370075,1.0,17,2042,17,0.0003,0.6646938,0.794775390625,0.027376454381737858,160,-0.04515675827860832,0.3047834634780884,-0.007692467398010194,0.2,0.8390997052192688,-31.057889342308044,,
36864,4.3496035,1.0,17,2162,18,0.0003,0.70143783,0.805615234375,0.027148246433353052,170,-0.03430095314979553,0.27789467573165894,0.0005210303599596955,0.2,0.8283615112304688,-30.725988709926604,,
38912,4.34262925,1.0,17,2282,19,0.0003,0.7606282,0.810595703125,0.02772042148280889,180,-0.04711240530014038,0.30532777309417725,-0.002480009035207331,0.2,0.8192651271820068,-30.401017117500306,,
40000,,,,,,0.0003,0.7220123,0.830859375,0.02808797228790354,190,-0.0497976578772068,0.25396209955215454,0.04815445637213998,0.2,0.8096416592597961,-30.093442511558532,4.6155002,1.0
40960,4.34367225,1.0,17,2403,20,,,,,,,,,,,,,
43008,4.3156354,1.0,17,2523,21,0.0003,0.79337204,0.8296875,0.026486402150476353,200,-0.004012756049633026,0.28430402278900146,0.04055526307201944,0.2,0.8033120632171631,-29.813342958688736,,
45056,4.34094258,1.0,17,2643,22,0.0003,1.0663052,0.8744140625,0.02733207048731856,210,0.06084015592932701,0.2812501788139343,0.07546613700978924,0.2,0.7961652278900146,-29.59895854592323,,
47104,4.358482840000001,1.0,17,2764,23,0.0003,0.95009136,0.850927734375,0.02958824804518372,220,-0.02483713999390602,0.2602437734603882,0.05048007531586336,0.2,0.7859862446784973,-29.301779186725618,,
49152,4.37121109,1.0,17,2885,24,0.0003,0.9536073,0.84833984375,0.02675178357749246,230,-0.05800916254520416,0.2543048858642578,0.04345549028512323,0.2,0.7779020667076111,-28.984435403347014,,
50000,,,,,,0.0003,1.0092893,0.849072265625,0.02788331177434884,240,0.0169383492320776,0.2946513295173645,0.038008576921129134,0.2,0.7679476737976074,-28.656552881002426,4.6087802,1.0
51200,4.37859317,1.0,17,3006,25,,,,,,,,,,,,,
53248,4.38535463,1.0,17,3126,26,0.0003,0.95073915,0.84072265625,0.0260367590788519,250,0.004562005400657654,0.2527642846107483,0.03452309517888352,0.2,0.7597451210021973,-28.33568497300148,,
55296,4.36703497,1.0,17,3246,27,0.0003,0.9701346,0.8646484375,0.026788304629735648,260,-0.03303324058651924,0.2657254934310913,0.06873053272865945,0.2,0.7520526051521301,-28.04741731286049,,
57344,4.3948148400000004,1.0,17,3366,28,0.0003,1.413512,0.871923828125,0.026819142501335592,270,0.19046786427497864,0.323363721370697,0.1110128279091441,0.2,0.7460319399833679,-27.818249398469924,,
59392,4.397447580000001,1.0,17,3487,29,0.0003,1.2163985,0.867236328125,0.026602019908023068,280,-0.025273583829402924,0.3033371567726135,0.06051459001027979,0.2,0.7384207844734192,-27.561239647865296,,
60000,,,,,,0.0003,1.3253164,0.88154296875,0.028542477055452764,290,0.22835592925548553,0.30014538764953613,0.09079164683207637,0.2,0.7317200303077698,-27.29226142168045,4.6943649999999995,1.0
61440,4.41059544,1.0,17,3608,30,,,,,,,,,,,,,
63488,4.420898419999999,1.0,17,3728,31,0.0003,1.2852125,0.8767578125,0.027945522859226912,300,0.04198107495903969,0.2897149920463562,0.09669115155702457,0.2,0.7247701287269592,-27.029085701704027,,
65536,4.46195205,1.0,17,3848,32,0.0003,1.5957808,0.87587890625,0.028646484098862855,310,-0.025074930861592293,0.2672674059867859,0.13114718729775632,0.2,0.7176875472068787,-26.781263571977615,,
67584,4.43413289,1.0,17,3969,33,0.0003,1.1416087,0.860400390625,0.029020444228081033,320,-0.053983066231012344,0.2816775441169739,0.06327527845423901,0.2,0.7089830636978149,-26.446361511945724,,
69632,4.421572480000001,1.0,17,4089,34,0.0003,1.3830044,0.884619140625,0.028079702734248712,330,-0.019760165363550186,0.33189666271209717,0.0811457968025934,0.2,0.7028690576553345,-26.164968180656434,,
70000,,,,,,0.0003,1.5275185,0.8751953125,0.026888444274663924,340,0.19503311812877655,0.28823959827423096,0.10598042438796255,0.2,0.6986057162284851,-25.943634104728698,4.7363642,1.0
71680,4.493179549999999,1.0,17,4211,35,,,,,,,,,,,,,
73728,4.47404834,1.0,17,4332,36,0.0003,1.7407571,0.90048828125,0.027401532308431342,350,-0.018613193184137344,0.32381272315979004,0.10613845564948861,0.2,0.6932420134544373,-25.75464298725128,,
75776,4.44610737,1.0,17,4452,37,0.0003,1.8906163,0.904736328125,0.025889983435627074,360,0.055819034576416016,0.2887578010559082,0.19777419937890955,0.2,0.6884670257568359,-25.563226437568666,,
77824,4.423763109999999,1.0,17,4573,38,0.0003,1.5132874,0.88935546875,0.027114492666441947,370,0.013843273743987083,0.2788119912147522,0.10601217445946531,0.2,0.6843107342720032,-25.369832074642183,,
79872,4.4449831699999995,1.0,17,4694,39,0.0003,1.5391209,0.890869140625,0.027593491112929767,380,-0.0097661716863513,0.31045013666152954,0.10906701757630799,0.2,0.6799289584159851,-25.17281163930893,,
80000,,,,,,0.0003,1.5167193,0.89462890625,0.027069575144560078,390,0.04116154462099075,0.31539005041122437,0.10920177852967754,0.2,0.6753787398338318,-24.983020615577697,4.593451,1.0
81920,4.4387437599999995,1.0,17,4815,40,,,,,,,,,,,,,
83968,4.45755139,1.0,17,4936,41,0.0003,1.9132068,0.896826171875,0.028680534590966998,400,0.12201915681362152,0.34199774265289307,0.10448091193975415,0.2,0.6715842485427856,-24.818335151672365,,
86016,4.45447217,1.0,17,5057,42,0.0003,2.016477,0.907080078125,0.027942441889899784,410,0.11180628836154938,0.31872040033340454,0.16969707399402978,0.2,0.669119119644165,-24.679868096113204,,
88064,4.44762531,1.0,17,5177,43,0.0003,1.7740903,0.902978515625,0.029049010254675524,420,0.033088911324739456,0.31517940759658813,0.12044181151723024,0.2,0.6647298336029053,-24.53680475950241,,
90000,,,,,,0.0003,1.9045641,0.899951171875,0.026593253033934162,430,0.0723676010966301,0.3122687339782715,0.14796047445561272,0.2,0.6596720814704895,-24.346039801836014,4.639867199999999,1.0
90112,4.4907653299999994,1.0,17,5298,44,,,,,,,,,,,,,
92160,4.48064459,1.0,17,5418,45,0.0003,1.8072386,0.903369140625,0.02736990743142087,440,-0.005044388584792614,0.34312182664871216,0.1377114321119734,0.2,0.6549330353736877,-24.12293461561203,,
94208,4.46839566,1.0,17,5540,46,0.0003,1.9949808,0.9009765625,0.027029444367508405,450,0.1984727382659912,0.34405285120010376,0.2434731181609095,0.2,0.6515346765518188,-23.946427953243255,,
96256,4.47497396,1.0,17,5661,47,0.0003,1.9289443,0.912841796875,0.028186597547028215,460,0.046660710126161575,0.3299906253814697,0.14816698228823952,0.2,0.6486698985099792,-23.79463372826576,,
98304,4.45456957,1.0,17,5781,48,0.0003,1.8535893,0.91337890625,0.025287828681757673,470,0.13518275320529938,0.3316879868507385,0.15263788757147267,0.2,0.6472715139389038,-23.681645846366884,,
100000,,,,,,0.0003,2.6760309,0.918359375,0.02642075880721677,480,0.13458532094955444,0.3267357349395752,0.17121417517773807,0.2,0.6448172926902771,-23.575016462802886,4.6526852,1.0
100352,4.49281056,1.0,17,5903,49,,,,,,,,,,,,,
102400,4.4850332,1.0,16,6023,50,0.0003,2.0923233,0.91123046875,0.02586708218441345,490,0.07015641033649445,0.33359789848327637,0.16032635963347275,0.2,0.6405964493751526,-23.432455414533614,,
104448,4.47224664,1.0,16,6144,51,0.0003,1.9058294,0.902099609375,0.02609777536126785,500,0.07026681303977966,0.3391854763031006,0.1314423636387801,0.2,0.6368393898010254,-23.26304875612259,,
106496,4.47223088,1.0,16,6265,52,0.0003,1.9330971,0.902001953125,0.02660155787016265,510,0.19413785636425018,0.35495638847351074,0.1317939745626063,0.2,0.6327134370803833,-23.097413611412048,,
108544,4.48599073,1.0,16,6385,53,0.0003,2.0252025,0.906201171875,0.026060095519642345,520,0.06856870651245117,0.3518500328063965,0.14329507856164128,0.2,0.6275251507759094,-22.89673854112625,,
110000,,,,,,0.0003,1.6898904,0.900634765625,0.027357290199142882,530,0.07488986104726791,0.3673144578933716,0.10816227850737051,0.2,0.6243298053741455,-22.700533837080002,4.7007624,1.0
110592,4.50332159,1.0,16,6506,54,,,,,,,,,,,,,
112640,4.5132262800000005,1.0,16,6626,55,0.0003,2.13173,0.8974609375,0.027137944888090716,540,0.10056935250759125,0.3373802900314331,0.1539948564270162,0.2,0.6213167905807495,-22.581638383865357,,
114688,4.487741580000001,1.0,17,6744,56,0.0003,1.9143422,0.88916015625,0.026546893763588743,550,0.06599944829940796,0.36104816198349,0.10721488041162956,0.2,0.6159127950668335,-22.395842343568802,,
116736,4.4757780700000005,1.0,17,6864,57,0.0003,2.1099582,0.89716796875,0.02894861390814185,560,0.09921591728925705,0.31666791439056396,0.1308087126133614,0.2,0.611677885055542,-22.160886669158934,,
118784,4.50081631,1.0,17,6985,58,0.0003,2.5900378,0.913037109375,0.025417136467876845,570,0.10644029080867767,0.3499411344528198,0.177281478754594,0.2,0.6084290146827698,-21.986512148380278,,
120000,,,,,,0.0003,2.484109,0.90693359375,0.02739669113070704,580,0.15703129768371582,0.3747367262840271,0.1436729932145681,0.2,0.604045033454895,-21.782779133319856,4.7661138,1.0
120832,4.5054544,1.0,17,7104,59,,,,,,,,,,,,,
122880,4.52333282,1.0,17,7223,60,0.0003,2.332585,0.91015625,0.027588969602948054,590,-0.004613781347870827,0.3869553208351135,0.15361038693226875,0.2,0.6013290286064148,-21.63370688557625,,
124928,4.5401947300000005,1.0,17,7342,61,0.0003,2.6937485,0.917626953125,0.026095712248934432,600,0.3016624450683594,0.3687761425971985,0.20240010099951178,0.2,0.5989788174629211,-21.488304460048674,,
126976,4.51067765,1.0,17,7460,62,0.0003,2.4618473,0.908740234375,0.02613883345911745,610,0.07679107040166855,0.3863380551338196,0.14809260264446494,0.2,0.5966947078704834,-21.382304763793947,,
129024,4.498859620000001,1.0,17,7579,63,0.0003,2.1359015,0.909423828125,0.027941814030054957,620,0.06991466879844666,0.33974045515060425,0.20321021123963873,0.2,0.5952036380767822,-21.29256778359413,,
130000,,,,,,0.0003,2.324088,0.911669921875,0.026167425225139596,630,0.07958146184682846,0.3751768469810486,0.2517293483688263,0.2,0.5926816463470459,-21.19906803369522,4.518261,1.0
131072,4.48752552,1.0,17,7698,64,,,,,,,,,,,,,
133120,4.452430990000001,1.0,17,7816,65,0.0003,2.5191798,0.904443359375,0.02718702700221911,640,0.055721383541822433,0.3369518518447876,0.1584098673571134,0.2,0.5908450484275818,-21.09290724992752,,
135168,4.48144609,1.0,17,7936,66,0.0003,2.2238672,0.89697265625,0.027399481247994118,650,0.0984463170170784,0.3896939158439636,0.12010961444902932,0.2,0.5882124304771423,-20.988928306102753,,
137216,4.482182239999999,1.0,17,8055,67,0.0003,3.2042608,0.91474609375,0.024533363396767528,660,0.17164596915245056,0.3906192183494568,0.1838304538396187,0.2,0.5849334597587585,-20.85228713154793,,
139264,4.50383607,1.0,17,8173,68,0.0003,2.254592,0.9041015625,0.025384736849809998,670,0.12491065263748169,0.423048198223114,0.15943131515523418,0.2,0.5833832025527954,-20.741761475801468,,
140000,,,,,,0.0003,11.925111,0.89384765625,0.027447631585528143,680,0.14030922949314117,0.38772785663604736,0.11710712508647703,0.2,0.5799870491027832,-20.61977749466896,4.6444094,1.0
141312,4.53421588,1.0,17,8293,69,,,,,,,,,,,,,
143360,4.51545172,1.0,17,8412,70,0.0003,2.6900873,0.911279296875,0.02586831558146514,690,0.19815847277641296,0.41379982233047485,0.16337625253363514,0.2,0.5777449607849121,-20.462061035633088,,
145408,4.510900500000001,1.0,17,8532,71,0.0003,2.6445825,0.91875,0.02765820685890503,700,0.11767540872097015,0.4049370288848877,0.1767725786048686,0.2,0.5756076574325562,-20.3703284740448,,
147456,4.466545499999999,1.0,17,8651,72,0.0003,1.7707777,0.8900390625,0.026583197398576886,710,0.04195205122232437,0.4359697699546814,0.1033176325581735,0.2,0.5731186866760254,-20.264233297109605,,
149504,4.51839197,1.0,17,8770,73,0.0003,2.940284,0.921728515625,0.028096357447793707,720,0.10488244891166687,0.38237881660461426,0.18388452981598674,0.2,0.5693289041519165,-20.105513763427734,,
150000,,,,,,0.0003,3.2831578,0.917724609375,0.02762930648168549,730,0.1046772375702858,0.39748334884643555,0.1538791232072981,0.2,0.5677657723426819,-19.982471811771394,4.6189096,1.0
151552,4.53478488,1.0,17,8890,74,,,,,,,,,,,,,
153600,4.55510133,1.0,17,9009,75,0.0003,3.0094914,0.912890625,0.02552070064120926,740,0.2597869038581848,0.41859859228134155,0.16089173459622544,0.2,0.5658325552940369,-19.887747865915298,,
155648,4.51781471,1.0,17,9128,76,0.0003,2.343243,0.910302734375,0.025516234646784142,750,0.2706015110015869,0.39844316244125366,0.18090534628136085,0.2,0.5640333294868469,-19.799578869342803,,
157696,4.5421511400000005,1.0,17,9247,77,0.0003,2.7327456,0.9123046875,0.026854344340972603,760,0.06405971199274063,0.3914700150489807,0.15180442594573834,0.2,0.5636507272720337,-19.744244313240053,,
159744,4.50352425,1.0,17,9367,78,0.0003,2.6649027,0.902587890625,0.02726493418449536,770,0.17871145904064178,0.39242619276046753,0.15156027248885948,0.2,0.5614972114562988,-19.669761711359023,,
160000,,,,,,0.0003,3.2638352,0.92373046875,0.026892397232586518,780,0.1767023354768753,0.37937647104263306,0.17682399729965254,0.2,0.560650646686554,-19.594538933038713,4.5376346000000005,1.0
161792,4.541369469999999,1.0,17,9486,79,,,,,,,,,,,,,
163840,4.47659621,1.0,17,9605,80,0.0003,3.1018624,0.9201171875,0.02720880158012733,790,0.0890965387225151,0.37908029556274414,0.1770969602803234,0.2,0.5591942071914673,-19.52704166173935,,
165888,4.50515799,1.0,17,9725,81,0.0003,4.791836,0.940087890625,0.027567849893239328,800,0.21004953980445862,0.408729612827301,0.23050240529119037,0.2,0.558422863483429,-19.482289534807204,,
167936,4.48117916,1.0,17,9844,82,0.0003,2.4697158,0.915234375,0.02890407885424793,810,0.15946613252162933,0.39352113008499146,0.16235686638974584,0.2,0.5565876960754395,-19.434260231256484,,
169984,4.542723059999999,1.0,17,9963,83,0.0003,2.7947712,0.920068359375,0.028706356015754865,820,0.036921653896570206,0.4011240005493164,0.1772061266907258,0.2,0.5544130802154541,-19.32096661925316,,
170000,,,,,,0.0003,2.9715023,0.91630859375,0.024640714121051132,830,0.1871173083782196,0.4359371066093445,0.1645637656765757,0.2,0.5531290173530579,-19.219835513830184,4.716900399999999,1.0
172032,4.484577410000001,1.0,17,10082,84,,,,,,,,,,,,,
174080,4.527651870000001,1.0,17,10201,85,0.0003,2.7737536,0.9140625,0.028926905000116677,840,0.10594926029443741,0.37925517559051514,0.1716293630801374,0.2,0.5519342422485352,-19.150823360681535,,
176128,4.553491709999999,1.0,17,10320,86,0.0003,2.814348,0.924755859375,0.026354229668504557,850,0.12187962979078293,0.4058123826980591,0.17638495413411875,0.2,0.5515716075897217,-19.117767989635468,,
178176,4.49131961,1.0,17,10439,87,0.0003,3.4126573,0.93232421875,0.025609801948303357,860,0.23222574591636658,0.39523524045944214,0.1993601609785401,0.2,0.5509567856788635,-19.107059103250503,,
180000,,,,,,0.0003,2.7413607,0.901611328125,0.027398163327598014,870,-0.004809346981346607,0.38540709018707275,0.13795109709899406,0.2,0.5480788946151733,-19.011631244421004,4.5610774,1.0
180224,4.51814972,1.0,17,10558,88,,,,,,,,,,,,,
182272,4.55007143,1.0,17,10676,89,0.0003,2.6140134,0.915234375,0.027300585241755472,880,0.08518429845571518,0.4191969037055969,0.1365853335155407,0.2,0.5465547442436218,-18.876747721433638,,
184320,4.540085000000001,1.0,17,10795,90,0.0003,3.371536,0.92744140625,0.02649695032159798,890,0.07006758451461792,0.44076478481292725,0.19060080138442573,0.2,0.5459349751472473,-18.79380664229393,,
186368,4.522100180000001,1.0,17,10914,91,0.0003,2.7737005,0.914013671875,0.02708750657911878,900,0.03818993270397186,0.3838574290275574,0.2565606126154307,0.2,0.5442935824394226,-18.727162063121796,,
188416,4.52039563,1.0,17,11033,92,0.0003,2.5623622,0.907080078125,0.025924718560418114,910,0.015940189361572266,0.39941734075546265,0.1586467635817826,0.2,0.5427471995353699,-18.620867466926576,,
190000,,,,,,0.0003,2.605393,0.912353515625,0.02730934557330329,920,0.10926860570907593,0.40307551622390747,0.14899596739851403,0.2,0.5401546955108643,-18.510003954172134,4.5384606000000005,1.0
190464,4.565694880000001,1.0,17,11152,93,,,,,,,,,,,,,
192512,4.54820939,1.0,17,11271,94,0.0003,2.8732615,0.90361328125,0.02759799754130654,930,0.07468713819980621,0.38283056020736694,0.2029368320130743,0.2,0.5391197204589844,-18.424730157852174,,
194560,4.53238859,1.0,17,11390,95,0.0003,4.591708,0.92822265625,0.027543691237224267,940,0.09533412754535675,0.37922465801239014,0.2818291986855911,0.2,0.538006603717804,-18.33630540370941,,
196608,4.52925085,1.0,17,11508,96,0.0003,3.2076793,0.925439453125,0.026750377024291082,950,0.09644030779600143,0.445792555809021,0.18768948887300213,0.2,0.537604808807373,-18.312311762571333,,
198656,4.54712526,1.0,17,11626,97,0.0003,2.7610304,0.896630859375,0.025342434979393147,960,0.09591313451528549,0.44165170192718506,0.12179824030899908,0.2,0.5358360409736633,-18.246891289949417,,
200000,,,,,,0.0003,2.672325,0.89013671875,0.025574782938929275,970,0.05003196746110916,0.4472757577896118,0.12840320338727906,0.2,0.5336238741874695,-18.147881150245667,4.698424,1.0
200704,4.527518989999999,1.0,17,11746,98,,,,,,,,,,,,,
202752,4.525768919999999,1.0,17,11864,99,0.0003,3.0281792,0.908935546875,0.02391929530131165,980,0.07197266817092896,0.4218326807022095,0.13092911565909163,0.2,0.5338311791419983,-18.097523909807204,,
204800,4.528697149999999,1.0,17,11982,100,0.0003,3.0456214,0.916357421875,0.025979494192870333,990,0.017170703038573265,0.4236385226249695,0.22394167150487193,0.2,0.5328149199485779,-18.05704060792923,,
206848,4.5409000299999995,1.0,17,12101,101,0.0003,2.1971827,0.886328125,0.02417893995589111,1000,0.08552093803882599,0.4178093671798706,0.13828496059577447,0.2,0.5302125811576843,-17.961257791519166,,
208896,4.52554682,1.0,17,12220,102,0.0003,2.8172288,0.916259765625,0.02599660948908422,1010,0.1462557017803192,0.4197787046432495,0.1777605149196461,0.2,0.53011155128479,-17.872189074754715,,
210000,,,,,,0.0003,3.8797722,0.921923828125,0.02607866943872068,1020,0.1317693293094635,0.4326164126396179,0.22921789705287665,0.2,0.5291019678115845,-17.84098066687584,4.3603028,1.0
210944,4.56055862,1.0,17,12340,103,,,,,,,,,,,,,
212992,4.57980492,1.0,17,12459,104,0.0003,3.4754958,0.91328125,0.02713650107034482,1030,0.6405116319656372,0.3889181613922119,0.18276329816726503,0.2,0.5272670388221741,-17.78541664481163,,
215040,4.501261070000001,1.0,17,12579,105,0.0003,3.5588229,0.892578125,0.02730148715781979,1040,0.05411743372678757,0.4015699625015259,0.12745058614236768,0.2,0.5268905758857727,-17.718855255842207,,
217088,4.56635617,1.0,17,12699,106,0.0003,2.8372908,0.913916015625,0.02728891145961825,1050,0.10778889060020447,0.423900842666626,0.13442265944031534,0.2,0.5266779065132141,-17.678202325105666,,
219136,4.54989551,1.0,17,12818,107,0.0003,3.2633653,0.905712890625,0.027171866758726536,1060,0.047166384756565094,0.4067506194114685,0.15061676817422268,0.2,0.5257835388183594,-17.60478112101555,,
220000,,,,,,0.0003,3.0844407,0.9103515625,0.025584563260781578,1070,0.10881076753139496,0.41261547803878784,0.1695411857450381,0.2,0.5250025391578674,-17.53848232626915,4.389177200000001,1.0
221184,4.567991130000001,1.0,17,12938,108,,,,,,,,,,,,,
223232,4.539773800000001,1.0,17,13058,109,0.0003,3.2257957,0.92421875,0.026939555775607006,1080,0.3899382948875427,0.38726019859313965,0.1907496344181709,0.2,0.5239732265472412,-17.478240925073624,,
225280,4.543767540000001,1.0,17,13177,110,0.0003,3.6881123,0.918310546875,0.027726913525839336,1090,0.130665585398674,0.4259786605834961,0.18602285812958144,0.2,0.5227899551391602,-17.399818086624144,,
227328,4.57065532,1.0,17,13297,111,0.0003,3.153717,0.92734375,0.024753285868791865,1100,0.18026645481586456,0.42921388149261475,0.25907804843736815,0.2,0.5208088159561157,-17.34464039206505,,
229376,4.58483818,1.0,17,13416,112,0.0003,4.404804,0.937646484375,0.026638859094236977,1110,0.151907280087471,0.40315955877304077,0.23998538723099044,0.2,0.5209328532218933,-17.27800379395485,,
230000,,,,,,0.0003,3.1630855,0.920849609375,0.02537922015762888,1120,0.1487717181444168,0.40225160121917725,0.1553157417627517,0.2,0.5199305415153503,-17.251671373844147,4.6407884,1.0
231424,4.49947479,1.0,17,13537,113,,,,,,,,,,,,,
233472,4.52533176,1.0,17,13656,114,0.0003,2.6800628,0.906201171875,0.025111748863128013,1130,0.14697252213954926,0.4381785988807678,0.16102056069939863,0.2,0.5198630690574646,-17.20659419298172,,
235520,4.58120461,1.0,17,13775,115,0.0003,3.301076,0.913037109375,0.026889359491178766,1140,0.026851138100028038,0.42749494314193726,0.17571284497826128,0.2,0.5173532366752625,-17.13509890437126,,
237568,4.59583244,1.0,17,13895,116,0.0003,3.371867,0.917041015625,0.02614246220327914,1150,0.09551425278186798,0.40892648696899414,0.15088006237347146,0.2,0.5173536539077759,-17.08687338232994,,
239616,4.5365543200000005,1.0,17,14015,117,0.0003,2.6444573,0.910986328125,0.02556463725923095,1160,0.07088599354028702,0.4337366819381714,0.16658390047668944,0.2,0.5183961391448975,-17.09452600479126,,
240000,,,,,,0.0003,2.9849699,0.914501953125,0.026040984192513862,1170,0.08544906973838806,0.4159688949584961,0.14690918586857152,0.2,0.5182774066925049,-17.10364874601364,4.4482126,1.0
241664,4.53469309,1.0,17,14135,118,,,,,,,,,,,,,
243712,4.55674863,1.0,17,14254,119,0.0003,3.2012777,0.914892578125,0.024354947649408133,1180,0.0379762202501297,0.4461204409599304,0.16328841546492184,0.2,0.5177891254425049,-17.058845365047453,,
245760,4.54797138,1.0,17,14374,120,0.0003,3.2388792,0.92451171875,0.026165179978124797,1190,0.08586464077234268,0.4248417615890503,0.2061569416327984,0.2,0.5162323713302612,-16.989746099710466,,
247808,4.5580473999999995,1.0,17,14493,121,0.0003,2.5572712,0.900146484375,0.02554721846827306,1200,0.09715627133846283,0.4276031255722046,0.13009787327900996,0.2,0.5152614712715149,-16.904935425519945,,
249856,4.57427419,1.0,17,14613,122,0.0003,2.953547,0.9103515625,0.026398126076674088,1210,0.12974753975868225,0.3964223265647888,0.15448297483089846,0.2,0.5139628052711487,-16.866429072618484,,
250000,,,,,,0.0003,3.509177,0.92431640625,0.024861846418934873,1220,0.10533709079027176,0.4145609736442566,0.19209828824969008,0.2,0.5130898356437683,-16.804255026578904,4.6195708,1.0
251904,4.5910490799999994,1.0,17,14733,123,,,,,,,,,,,,,
253952,4.5623026499999995,1.0,17,14852,124,0.0003,3.2494235,0.9140625,0.025008796519250608,1230,0.0887078121304512,0.4479537606239319,0.16271636372548529,0.2,0.5109323263168335,-16.746459740400315,,
256000,4.54574252,1.0,17,14972,125,0.0003,2.7185936,0.90087890625,0.025115468876902015,1240,0.11484131217002869,0.4025775194168091,0.1556470833835192,0.2,0.5102880001068115,-16.641230744123458,,
258048,4.57041676,1.0,17,15092,126,0.0003,3.7036932,0.9126953125,0.026529852536623367,1250,0.08707687258720398,0.4221752882003784,0.16138653729576619,0.2,0.5087733268737793,-16.591153180599214,,
260000,,,,,,0.0003,3.5435696,0.923486328125,0.027153100716532208,1260,0.09266267716884613,0.3897554874420166,0.1699313226796221,0.2,0.5087723731994629,-16.52276654243469,4.7060328,1.0
260096,4.57551595,1.0,17,15212,127,,,,,,,,,,,,,
262144,4.566078469999999,1.0,17,15331,128,0.0003,3.1983528,0.928759765625,0.02682680310390424,1270,0.23040640354156494,0.40118294954299927,0.18848671578452922,0.2,0.5075852870941162,-16.492025744915008,,
264192,4.59351868,1.0,17,15451,129,0.0003,4.744931,0.923779296875,0.025781341598485597,1280,0.12786811590194702,0.4065767526626587,0.1726356763712829,0.2,0.5076839923858643,-16.452893447875976,,
266240,4.584427340000001,1.0,17,15570,130,0.0003,3.463891,0.92724609375,0.026126451656455173,1290,0.21912366151809692,0.42047643661499023,0.22329997919732705,0.2,0.5064245462417603,-16.43555165529251,,
268288,4.55846756,1.0,17,15690,131,0.0003,3.336494,0.9158203125,0.025862675826647318,1300,0.11337069422006607,0.4237843155860901,0.2538633787014987,0.2,0.504868745803833,-16.37683540582657,,
270000,,,,,,0.0003,3.2361715,0.92734375,0.02622150395764038,1310,0.10494045168161392,0.41563260555267334,0.19625746209276257,0.2,0.5046576857566833,-16.357772016525267,4.8892586,1.0
270336,4.5932533399999995,1.0,17,15810,132,,,,,,,,,,,,,
272384,4.56304758,1.0,17,15930,133,0.0003,3.0903544,0.92041015625,0.025848518885322847,1320,0.16872157156467438,0.42431992292404175,0.19972882815636694,0.2,0.5052475929260254,-16.344111317396163,,
274432,4.5375444,1.0,17,16050,134,0.0003,3.1395068,0.90322265625,0.02528363874880597,1330,0.17218461632728577,0.4033270478248596,0.1546022903319681,0.2,0.5031285285949707,-16.28899731040001,,
276480,4.56214277,1.0,17,16169,135,0.0003,3.2123365,0.918212890625,0.025140498107066377,1340,0.14307041466236115,0.4365779161453247,0.17604452025261708,0.2,0.5019737482070923,-16.201704680919647,,
278528,4.60847166,1.0,17,16289,136,0.0003,2.740612,0.919677734375,0.026045407957280987,1350,0.0626910850405693,0.44451868534088135,0.18861564484541304,0.2,0.4999067187309265,-16.114016103744508,,
280000,,,,,,0.0003,3.153885,0.9306640625,0.024959012161707504,1360,0.0707632303237915,0.48505699634552,0.21777862335147802,0.2,0.5009635090827942,-16.061351233720778,4.6550694,1.0
280576,4.533631199999999,1.0,17,16409,137,,,,,,,,,,,,,
282624,4.566843,1.0,17,16529,138,0.0003,3.664883,0.907568359375,0.025445961288642138,1370,0.1776108741760254,0.4061926007270813,0.162339067121502,0.2,0.5014643669128418,-16.07814229130745,,
284672,4.575852670000001,1.0,17,16649,139,0.0003,2.9597397,0.90185546875,0.0251443050801754,1380,0.2770405411720276,0.43776577711105347,0.13851492237008642,0.2,0.4999484717845917,-16.032481521368027,,
286720,4.57486869,1.0,17,16768,140,0.0003,3.613305,0.926708984375,0.026389590761391447,1390,0.020911844447255135,0.43680763244628906,0.1917786990525201,0.2,0.4991646111011505,-15.980835962295533,,
288768,4.603155279999999,1.0,17,16888,141,0.0003,3.5074048,0.922021484375,0.025869884993880987,1400,0.08780395984649658,0.4377753734588623,0.1790367246547248,0.2,0.4975987374782562,-15.907926768064499,,
290000,,,,,,0.0003,4.9439993,0.923828125,0.0247405342903221,1410,0.1645718514919281,0.4555957317352295,0.2098064208170399,0.2,0.4979027807712555,-15.868763881921769,4.6819926,1.0
290816,4.571458959999999,1.0,17,17008,142,,,,,,,,,,,,,
292864,4.57691028,1.0,17,17128,143,0.0003,3.340708,0.92236328125,0.025358557142317294,1420,0.14795751869678497,0.42296260595321655,0.19374824170372448,0.2,0.49697956442832947,-15.845066058635712,,
294912,4.575632799999999,1.0,17,17247,144,0.0003,2.6276512,0.907177734375,0.02595302701520268,1430,0.15375959873199463,0.43352001905441284,0.16059991213842295,0.2,0.49524787068367004,-15.757611939311028,,
296960,4.58636385,1.0,17,17367,145,0.0003,5.825527,0.93896484375,0.025788120363722557,1440,0.1370624154806137,0.4299877882003784,0.2271293148281984,0.2,0.49669089913368225,-15.765530681610107,,
299008,4.57313007,1.0,17,17487,146,0.0003,3.5585895,0.912841796875,0.024595175878494045,1450,0.08528736978769302,0.44838887453079224,0.184949032968143,0.2,0.49537941813468933,-15.741024538874626,,
300000,,,,,,0.0003,4.066013,0.92255859375,0.02647716967621818,1460,0.04241924732923508,0.4301733374595642,0.19219022195320576,0.2,0.49460548162460327,-15.668828037381171,4.4177532,1.0
301056,4.5778861299999996,1.0,17,17607,147,,,,,,,,,,,,,
303104,4.58193376,1.0,17,17727,148,0.0003,3.3897986,0.908837890625,0.02657578879443463,1470,0.18718449771404266,0.3967583179473877,0.9387578535533976,0.2,0.49340638518333435,-15.609916231036186,,
305152,4.5712851400000005,1.0,17,17847,149,0.0003,3.5772638,0.91572265625,0.025473375458386727,1480,0.18725498020648956,0.4294896721839905,0.3447142710589105,0.2,0.4935435354709625,-15.57913413643837,,
307200,4.59881645,1.0,17,17966,150,0.0003,4.275546,0.92509765625,0.025817921629641204,1490,0.13654740154743195,0.4371587634086609,0.2053091921377927,0.2,0.4921264946460724,-15.564593610167503,,
309248,4.57999479,1.0,17,18086,151,0.0003,4.480446,0.927294921875,0.02593127306608949,1500,0.07846251130104065,0.44930124282836914,0.18277529260376468,0.2,0.4914257824420929,-15.498393338918685,,
310000,,,,,,0.0003,3.8007178,0.93251953125,0.025344019796466454,1510,0.26638293266296387,0.4463331699371338,0.19424959715106524,0.2,0.491782546043396,-15.481101566553116,4.6270206,1.0
311296,4.61903641,1.0,17,18206,152,,,,,,,,,,,,,
313344,4.574343229999999,1.0,17,18324,153,0.0003,3.6657658,0.915087890625,0.026691084261983633,1520,0.1500093787908554,0.42573297023773193,0.1836225606384687,0.2,0.49302732944488525,-15.509259209036827,,
315392,4.56878478,1.0,17,18443,154,0.0003,3.8282437,0.924072265625,0.026192015639389866,1530,0.21094529330730438,0.3930206298828125,0.20003145743976347,0.2,0.4917268455028534,-15.49262623488903,,
317440,4.55658853,1.0,17,18562,155,0.0003,3.230322,0.923876953125,0.025383690220769493,1540,0.16965918242931366,0.4524540305137634,0.17206679964438082,0.2,0.49072346091270447,-15.451507797837257,,
319488,4.5482154999999995,1.0,17,18681,156,0.0003,2.9359424,0.91513671875,0.0251168408052763,1550,0.09744948148727417,0.43076467514038086,0.2514507447398501,0.2,0.4906162917613983,-15.419984394311905,,
320000,,,,,,0.0003,2.9460912,0.904638671875,0.025997026966069824,1560,0.0035285912454128265,0.4233819842338562,0.16232917861780152,0.2,0.48985999822616577,-15.381096729636193,4.5431346,1.0
321536,4.5366139599999995,1.0,17,18802,157,,,,,,,,,,,,,
323584,4.57481411,1.0,17,18922,158,0.0003,3.4826074,0.92236328125,0.026151111564831808,1570,0.1169763058423996,0.4284442663192749,0.16725068565283435,0.2,0.4891972839832306,-15.358241870999336,,
325632,4.586627600000001,1.0,17,19041,159,0.0003,3.9130774,0.92080078125,0.027074933759286067,1580,0.06800813972949982,0.444524347782135,0.22274635777575896,0.2,0.48818135261535645,-15.312809205055236,,
327680,4.5712894,1.0,17,19161,160,0.0003,3.1445498,0.9224609375,0.026467941011651418,1590,0.10345323383808136,0.4797481298446655,0.21329935021931307,0.2,0.4867710769176483,-15.285376906394958,,
329728,4.58211648,1.0,17,19281,161,0.0003,3.61479,0.904736328125,0.025343114405404776,1600,0.14050547778606415,0.42923861742019653,0.15362977811455494,0.2,0.4851015508174896,-15.215277129411698,,
330000,,,,,,0.0003,5.878662,0.916845703125,0.02564514852128923,1610,0.08512475341558456,0.4439845681190491,0.19041341230040415,0.2,0.4836680293083191,-15.139220479130746,4.6246554,1.0
331776,4.613637099999999,1.0,17,19401,162,,,,,,,,,,,,,
333824,4.5631464,1.0,17,19521,163,0.0003,3.9778657,0.90712890625,0.024349008314311506,1620,0.10934849828481674,0.47137218713760376,0.13594268351444044,0.2,0.48257124423980713,-15.079750868678094,,
335872,4.56946683,1.0,17,19640,164,0.0003,4.300407,0.910107421875,0.026141298710717818,1630,0.11275259405374527,0.43889135122299194,0.15184059288585558,0.2,0.48164477944374084,-15.023521363735199,,
337920,4.56817923,1.0,17,19760,165,0.0003,2.976009,0.9140625,0.02457635171886068,1640,0.10660313069820404,0.4222833514213562,0.18864291840000078,0.2,0.47966450452804565,-14.974726384878158,,
339968,4.5876903,1.0,17,19880,166,0.0003,4.541026,0.930517578125,0.027958380349446088,1650,0.14019353687763214,0.41471701860427856,0.19770750461320857,0.2,0.47958919405937195,-14.925122627615929,,
340000,,,,,,0.0003,3.2360709,0.914208984375,0.026624302950222046,1660,0.1920989602804184,0.4645746946334839,0.14353817704250105,0.2,0.4786435663700104,-14.911393487453461,4.688689999999999,1.0
342016,4.57490501,1.0,17,20000,167,,,,,,,,,,,,,
344064,4.597663,1.0,17,20119,168,0.0003,3.4386282,0.9177734375,0.02522235810465645,1670,0.10899613797664642,0.46173715591430664,0.18816666409693425,0.2,0.47861993312835693,-14.865223914384842,,
346112,4.57879478,1.0,17,20239,169,0.0003,17.317093,0.918359375,0.0249167872563703,1680,0.22363632917404175,0.42840009927749634,0.18464143758174031,0.2,0.47753608226776123,-14.831982773542403,,
348160,4.5905439999999995,1.0,17,20359,170,0.0003,3.8044624,0.92412109375,0.028886679973220454,1690,0.16529598832130432,0.4349832534790039,0.2452438809967134,0.2,0.4763955771923065,-14.760730564594269,,
350000,,,,,,0.0003,3.685189,0.913330078125,0.026833561476087196,1700,0.06576045602560043,0.4183042645454407,0.1708679071656661,0.2,0.4761955142021179,-14.710659435391426,4.476075799999999,1.0
350208,4.6003059,1.0,17,20479,171,,,,,,,,,,,,,
352256,4.5776176500000005,1.0,17,20599,172,0.0003,3.6111526,0.909912109375,0.025326379557373,1710,0.09022416174411774,0.4258177876472473,0.18703456865332554,0.2,0.4758646786212921,-14.670833325386047,,
354304,4.5605191000000005,1.0,17,20719,173,0.0003,4.1398335,0.927099609375,0.026141614656080493,1720,0.2179766297340393,0.4145597815513611,0.19406764823943376,0.2,0.47537827491760254,-14.635584565997124,,
356352,4.588745160000001,1.0,17,20838,174,0.0003,3.9563694,0.91806640625,0.02515669957501814,1730,0.7532259225845337,0.4589710235595703,0.18959000799804926,0.2,0.4740852415561676,-14.624883857369422,,
358400,4.57309987,1.0,17,20958,175,0.0003,3.9649112,0.93349609375,0.027218077026191168,1740,0.11007533967494965,0.4175450801849365,0.3763494338374585,0.2,0.47338080406188965,-14.570382112264634,,
360000,,,,,,0.0003,4.9930058,0.924658203125,0.026741747214691712,1750,0.15812700986862183,0.43363529443740845,0.5992618665972259,0.2,0.4726788401603699,-14.528639501333236,4.6292922,1.0
360448,4.62329604,1.0,17,21078,176,,,,,,,,,,,,,
362496,4.60095683,1.0,17,21198,177,0.0003,3.7745757,0.9189453125,0.025286090627196244,1760,0.1710404008626938,0.46534979343414307,0.17748810459161177,0.2,0.47195929288864136,-14.497745129466058,,
364544,4.577826259999999,1.0,17,21318,178,0.0003,3.867279,0.923095703125,0.02582229120307602,1770,0.07678164541721344,0.43066680431365967,0.2512169769441243,0.2,0.4711780846118927,-14.447678995132446,,
366592,4.59712343,1.0,17,21437,179,0.0003,3.844583,0.91572265625,0.027010521120973862,1780,0.17091462016105652,0.42937856912612915,0.18190537406189833,0.2,0.47185349464416504,-14.43391805589199,,
368640,4.55663355,1.0,17,21557,180,0.0003,4.0876617,0.915380859375,0.025864554333384148,1790,0.12270329147577286,0.4342341423034668,0.346998576252372,0.2,0.47229504585266113,-14.427699214220047,,
370000,,,,,,0.0003,3.830975,0.93330078125,0.02511259076418355,1800,0.08765163272619247,0.46075624227523804,0.4282897857250646,0.2,0.47239190340042114,-14.439402401447296,4.3984606,1.0
370688,4.61290473,1.0,17,21677,181,,,,,,,,,,,,,
372736,4.61466096,1.0,17,21797,182,0.0003,3.4357436,0.91875,0.025136672047665343,1810,0.06506465375423431,0.44945788383483887,0.16771488887316083,0.2,0.4716576337814331,-14.441456559300423,,
374784,4.53368457,1.0,17,21917,183,0.0003,2.9519885,0.894677734375,0.024108131843968296,1820,0.14504429697990417,0.4653363823890686,0.13739103553671156,0.2,0.47043338418006897,-14.368199089169503,,
376832,4.58408109,1.0,17,22037,184,0.0003,3.9141803,0.9248046875,0.02574201766983606,1830,0.08901283890008926,0.4167337417602539,0.17849627384566702,0.2,0.4713335335254669,-14.309101274609565,,
378880,4.57504381,1.0,17,22157,185,0.0003,3.3722682,0.91494140625,0.02425842885277234,1840,0.06462708115577698,0.45156556367874146,0.16778501121443695,0.2,0.4705302119255066,-14.328976655006409,,
380000,,,,,,0.0003,3.6882458,0.898046875,0.02521662201033905,1850,0.11554605513811111,0.4572179317474365,0.15795176595420343,0.2,0.4695098102092743,-14.29371150135994,4.6568112,1.0
380928,4.59601368,1.0,17,22277,186,,,,,,,,,,,,,
382976,4.57838204,1.0,17,22397,187,0.0003,4.707586,0.92666015625,0.026161442714510486,1860,0.10698430985212326,0.4513412117958069,0.20984896651352755,0.2,0.46948951482772827,-14.26543557047844,,
385024,4.57833413,1.0,17,22517,188,0.0003,3.6324277,0.920166015625,0.02573806919681374,1870,0.05794117972254753,0.4607992172241211,0.20642290814430453,0.2,0.4690416753292084,-14.275527349114418,,
387072,4.5602747699999995,1.0,17,22637,189,0.0003,3.5914016,0.907958984375,0.02624049095902592,1880,0.18755869567394257,0.41858720779418945,0.15357767888344825,0.2,0.4674950838088989,-14.239418935775756,,
389120,4.544256870000001,1.0,17,22757,190,0.0003,3.7502136,0.925732421875,0.026179519068682565,1890,0.1350744664669037,0.39938855171203613,0.2007978285138961,0.2,0.46807506680488586,-14.193925175070763,,
390000,,,,,,0.0003,3.0052438,0.90654296875,0.025027831515762954,1900,0.17885085940361023,0.44669419527053833,0.19899937965674325,0.2,0.4675772190093994,-14.179863965511322,4.8590298,1.0
391168,4.59440445,1.0,17,22878,191,,,,,,,,,,,,,
393216,4.57297071,1.0,17,22998,192,0.0003,4.2750893,0.902294921875,0.024643340133479796,1910,0.16773441433906555,0.41544830799102783,0.16132760561304166,0.2,0.4688526391983032,-14.18230586051941,,
395264,4.53863337,1.0,17,23119,193,0.0003,4.3452353,0.9240234375,0.02599320645676926,1920,0.09940692782402039,0.4395161271095276,0.20512837123824285,0.2,0.46832945942878723,-14.179890203475953,,
397312,4.55507075,1.0,17,23239,194,0.0003,4.544956,0.904541015625,0.02619721404334996,1930,0.21948474645614624,0.4693230986595154,0.160609880508855,0.2,0.466778039932251,-14.124470859766006,,
399360,4.60370633,1.0,17,23360,195,0.0003,4.121975,0.922705078125,0.024203929083887486,1940,0.14178314805030823,0.46649330854415894,0.21305818840046414,0.2,0.4672362804412842,-14.077968099713326,,
400000,,,,,,0.0003,4.970666,0.919775390625,0.025405170206795447,1950,0.09960509091615677,0.416706383228302,0.17501959409564732,0.2,0.46623295545578003,-14.082008513808251,4.7232298,1.0
401408,4.605604169999999,1.0,17,23480,196,,,,,,,,,,,,,
403456,4.57372335,1.0,17,23601,197,0.0003,3.5846,0.91162109375,0.025122875353554265,1960,0.13451898097991943,0.4579392671585083,0.18640233486657962,0.2,0.46455904841423035,-13.999346739053726,,
405504,4.635448780000001,1.0,17,23720,198,0.0003,3.7715971,0.917333984375,0.0252561142842751,1970,0.14386019110679626,0.41912734508514404,0.1828058082901407,0.2,0.4626521170139313,-13.926456639170647,,
407552,4.5656940200000005,1.0,17,23841,199,0.0003,3.7143068,0.917724609375,0.02289724819129333,1980,0.15465836226940155,0.4775223731994629,0.19691317299148067,0.2,0.46280360221862793,-13.86119041144848,,
409600,4.5832557000000005,1.0,17,23961,200,0.0003,3.8796034,0.909619140625,0.025170280763995835,1990,0.13263452053070068,0.4231998920440674,0.17380507545894944,0.2,0.46259090304374695,-13.824866864085198,,
410000,,,,,,0.0003,3.7857358,0.91455078125,0.024919317435706034,2000,0.11078494787216187,0.41269969940185547,0.16309030256234108,0.2,0.4621148705482483,-13.814440765976906,4.6597843999999995,1.0
411648,4.529732769999999,1.0,17,24082,201,,,,,,,,,,,,,
413696,4.643529359999999,1.0,17,24202,202,0.0003,3.9524062,0.914990234375,0.025867174536688253,2010,0.10278613865375519,0.4361318349838257,0.1863309657201171,0.2,0.4612550735473633,-13.7837178170681,,
415744,4.60554977,1.0,17,24323,203,0.0003,3.5331788,0.921923828125,0.025473197465180418,2020,0.07158900797367096,0.42453157901763916,0.20644698928808794,0.2,0.46086758375167847,-13.752533087134362,,
417792,4.62351901,1.0,17,24443,204,0.0003,3.9530663,0.922314453125,0.024931816398748197,2030,0.11520116776227951,0.44349783658981323,0.19810878858261277,0.2,0.4601369798183441,-13.740098282694817,,
419840,4.5830046200000005,1.0,17,24563,205,0.0003,3.24012,0.90849609375,0.022979295207187535,2040,0.07295237481594086,0.44577687978744507,0.15161495445645415,0.2,0.4598970413208008,-13.71364867389202,,
420000,,,,,,0.0003,3.7427723,0.906005859375,0.02403150587051641,2050,0.1436445564031601,0.4567364454269409,0.17876445821020753,0.2,0.4592595398426056,-13.647541639208793,4.719252,1.0
421888,4.62939508,1.0,17,24684,206,,,,,,,,,,,,,
423936,4.54875274,1.0,17,24804,207,0.0003,3.6293468,0.90810546875,0.026042992220027372,2060,0.08142979443073273,0.45649826526641846,0.1555186264042277,0.2,0.4584354758262634,-13.600996646285058,,
425984,4.59089196,1.0,17,24924,208,0.0003,3.8423848,0.908740234375,0.027290995651856064,2070,0.1082691177725792,0.42833632230758667,0.15859782303741668,0.2,0.4572291672229767,-13.530244153738021,,
428032,4.55376742,1.0,17,25045,209,0.0003,4.5567484,0.92431640625,0.02543807086185552,2080,0.05427650362253189,0.43247753381729126,0.3150741784353158,0.2,0.45660334825515747,-13.481322079896927,,
430000,,,,,,0.0003,3.7852569,0.9263671875,0.025703067125868985,2090,0.10423607379198074,0.47340917587280273,0.2003146134171402,0.2,0.4555400013923645,-13.433842650055885,4.615194,1.0
430080,4.53264855,1.0,17,25165,210,,,,,,,,,,,,,
432128,4.594198260000001,1.0,17,25285,211,0.0003,4.0213346,0.90859375,0.025028824803302995,2100,0.2481755018234253,0.43468111753463745,0.16140494765422772,0.2,0.45453643798828125,-13.385720139741897,,
434176,4.6022843,1.0,17,25405,212,0.0003,3.779488,0.90966796875,0.024585007090354338,2110,0.10008258372545242,0.40952831506729126,0.17235696330899372,0.2,0.45355546474456787,-13.35393500328064,,
436224,4.61197123,1.0,17,25525,213,0.0003,3.901764,0.911181640625,0.025940470595378427,2120,0.1460873782634735,0.4439992904663086,0.16934113152892677,0.2,0.45260247588157654,-13.289694038033485,,
438272,4.56234632,1.0,17,25646,214,0.0003,5.0369034,0.931298828125,0.02506979435274843,2130,0.15405450761318207,0.4445662498474121,0.21351070094387978,0.2,0.45211705565452576,-13.252731111645698,,
440000,,,,,,0.0003,4.1216574,0.921435546875,0.025094828216242603,2140,0.016871746629476547,0.456409215927124,0.1862209737591911,0.2,0.45102742314338684,-13.193375924229622,4.571746200000001,1.0
440320,4.60459773,1.0,17,25766,215,,,,,,,,,,,,,
442368,4.59809391,1.0,17,25886,216,0.0003,3.6445742,0.915576171875,0.02400175589136779,2150,-0.019093144685029984,0.45751816034317017,0.1763715760956984,0.2,0.4511401355266571,-13.174507284164429,,
444416,4.5595582100000005,1.0,17,26006,217,0.0003,3.0502596,0.90400390625,0.025263745701522566,2160,0.07824628055095673,0.45535707473754883,0.13810298851458355,0.2,0.452607661485672,-13.18964005112648,,
446464,4.61565874,1.0,17,26125,218,0.0003,3.8094823,0.91552734375,0.026443139847833662,2170,0.09319597482681274,0.43602246046066284,0.17008115985663608,0.2,0.4522799551486969,-13.208276599645615,,
448512,4.61052411,1.0,17,26246,219,0.0003,3.6003876,0.921240234375,0.02543235478515271,2180,0.11523173749446869,0.45454561710357666,0.20891649876139126,0.2,0.4515492618083954,-13.175418537855148,,
450000,,,,,,0.0003,3.805777,0.90986328125,0.024944205954670905,2190,0.18492572009563446,0.4595590829849243,0.16883621613669675,0.2,0.4523847997188568,-13.165287145972252,4.636275199999999,1.0
450560,4.6021009699999995,1.0,17,26367,220,,,,,,,,,,,,,
452608,4.59207488,1.0,17,26487,221,0.0003,4.1877365,0.925634765625,0.024598787908325905,2200,0.08036644756793976,0.47590333223342896,0.1871478797038435,0.2,0.4538716971874237,-13.216878655552865,,
454656,4.59821051,1.0,17,26607,222,0.0003,3.3305492,0.908935546875,0.025096306411433032,2210,0.20407360792160034,0.4287351965904236,0.17817840637726476,0.2,0.45278704166412354,-13.241051423549653,,
456704,4.586356749999999,1.0,17,26727,223,0.0003,3.7654757,0.904052734375,0.026386858904152176,2220,0.11817466467618942,0.4461098909378052,0.14141078304382973,0.2,0.4518713057041168,-13.196203741431237,,
458752,4.60596725,1.0,17,26847,224,0.0003,2.8300803,0.89638671875,0.02415371488314122,2230,0.10312508046627045,0.47352391481399536,0.14005306595645378,0.2,0.4524778723716736,-13.193677911162377,,
460000,,,,,,0.0003,3.507301,0.909912109375,0.026077343511860817,2240,0.1434970200061798,0.46095240116119385,0.19224061990971678,0.2,0.451705664396286,-13.143919038772584,4.7910664,1.0
460800,4.576036380000001,1.0,17,26967,225,,,,,,,,,,,,,
462848,4.559387009999999,1.0,17,27086,226,0.0003,4.771267,0.909765625,0.023819248122163118,2250,0.06647663563489914,0.44211727380752563,0.1787353437684942,0.2,0.4519180357456207,-13.104308879375457,,
464896,4.595571090000001,1.0,17,27206,227,0.0003,3.9218974,0.910546875,0.026964247674914076,2260,0.07355169951915741,0.3961177468299866,0.1754850553232245,0.2,0.451839417219162,-13.104246002435683,,
466944,4.60844785,1.0,17,27326,228,0.0003,4.752501,0.920751953125,0.026770697443862446,2270,0.16589277982711792,0.42096036672592163,0.20447014649398626,0.2,0.45118099451065063,-13.08650349676609,,
468992,4.61336232,1.0,17,27447,229,0.0003,3.834964,0.91884765625,0.02653462433081586,2280,0.0927344262599945,0.39253079891204834,0.26760697657882704,0.2,0.4502832293510437,-13.054738074541092,,
470000,,,,,,0.0003,4.5066996,0.925341796875,0.026432491670129822,2290,0.11884285509586334,0.42922675609588623,0.19056029539206065,0.2,0.4499904215335846,-13.008449673652649,4.707848200000001,1.0
471040,4.620448629999999,1.0,17,27566,230,,,,,,,,,,,,,
473088,4.57726304,1.0,17,27687,231,0.0003,4.7272377,0.913671875,0.025446373692830093,2300,0.10520075261592865,0.44886136054992676,0.2020555529219564,0.2,0.45026305317878723,-12.994909662008286,,
475136,4.585831360000001,1.0,17,27807,232,0.0003,5.2438374,0.919384765625,0.02691546588903293,2310,0.32591840624809265,0.4300975203514099,0.19704157292726449,0.2,0.4489288032054901,-12.995377257466316,,
477184,4.56160182,1.0,17,27927,233,0.0003,4.035634,0.911572265625,0.026132383238291368,2320,0.08999881148338318,0.42680323123931885,0.21239996069634798,0.2,0.4494251310825348,-12.971478486061097,,
479232,4.60225565,1.0,17,28047,234,0.0003,5.1441436,0.924560546875,0.025724836948211306,2330,0.10147456079721451,0.4585683345794678,0.2123394521942828,0.2,0.4487241506576538,-12.953405505418777,,
480000,,,,,,0.0003,3.6079638,0.911669921875,0.025702507587266155,2340,0.14108426868915558,0.3883124589920044,0.19479463580646553,0.2,0.44858211278915405,-12.934324249625206,4.7321764,1.0
481280,4.542548460000001,1.0,17,28168,235,,,,,,,,,,,,,
483328,4.57619174,1.0,17,28288,236,0.0003,4.262236,0.9203125,0.028660269890679047,2350,0.1080242395401001,0.4282011389732361,0.19309850452991667,0.2,0.44764915108680725,-12.906700655817986,,
485376,4.63197834,1.0,17,28408,237,0.0003,4.556163,0.9185546875,0.025951496712514198,2360,0.04404190182685852,0.4393886923789978,0.18321175390592542,0.2,0.44677942991256714,-12.882245203852653,,
487424,4.59675562,1.0,17,28529,238,0.0003,3.8855603,0.917529296875,0.026916227507172152,2370,0.14827176928520203,0.43085575103759766,0.17665164162754082,0.2,0.444865882396698,-12.799475651979446,,
489472,4.57189552,1.0,17,28648,239,0.0003,3.2915215,0.914208984375,0.02684946303779725,2380,0.0867706686258316,0.45112407207489014,0.16901616009417922,0.2,0.4447590112686157,-12.708649095892905,,
490000,,,,,,0.0003,3.9579592,0.918798828125,0.02504967314307578,2390,0.02599313110113144,0.47382646799087524,0.15693523346271832,0.2,0.4451795816421509,-12.721471402049065,4.8187435999999995,1.0
491520,4.57606155,1.0,17,28769,240,,,,,,,,,,,,,
